Timestamp,Email address,What is the name of your tool,Please enter your contact email,Provide a brief description of your tool (maximum 280 characters).,"Provide a detailed description of your tool, highlighting its key features and benefits (maximum 2000 characters).",What is the URL where your tool can be accessed?,How would you like your submission to be processed?,Sample of a Subscription:,Sample of Checkbox Fields,Sample of Drop Down Item,Checkbox Grid Options [Qnt 1 - $2.50],Checkbox Grid Options [Qnt 2 - $5.00],Checkbox Grid Options [Qnt 3 - $7.50],User Specified Amount - $,Column 7,Payable Order ID,Payable Total,Payable Status,Payable Payment Method,Payable Transaction ID,Payable Last Updated
12/09/2024 13:27:28,akhilnairmk@gmail.com,test,,test,test,test,Express Submission - $29.00: eviewed and listed within 48 hours,,,,,,,,,CI-TF-6M79,$29.00,checkout-started (TEST),,,09/12/2024 13:27:47
14/09/2024 15:24:52,a.h.s.arbeit@gmail.com,QuizCraft,,"Generate customized quiz questions in seconds. Perfect for teachers, students and knowledge enthusiasts.","Quizcraft.de ist eine innovative Online-Plattform, die die Kraft der künstlichen Intelligenz nutzt, um den Prozess der Quiz-Erstellung zu vereinfachen und zu verbessern. Entwickelt für Lehrer, Ausbilder, Studenten und Fachkräfte bietet Quizcraft.de eine benutzerfreundliche Oberfläche, um maßgeschneiderte Quizze schnell und effizient zu erstellen. Durch den Einsatz fortschrittlicher KI-Algorithmen verwandelt die Plattform eingegebene Texte oder Themen in eine Vielzahl von Fragetypen, wodurch die Erstellung von Tests sowohl mühelos als auch effektiv wird.",https://quizcraft.de,Standard Submission(Free): reviewed and listed within 30 days.,,,,,,,,,CI-LF-6ZAU,$0.00,free,,,
24/09/2024 14:33:55,adam.barta404@gmail.com,Dev Blocks,,Get the perfect product launch plan with Notion templates,"Dev Blocks is a launch management tool for indie developers and solo entrepreneurs. It offers a task management template with a detailed launch checklist, along with curated resources like a subreddits list to help you connect with the right audience.",https://www.devblocks.app,Standard Submission(Free): reviewed and listed within 30 days.,,,,,,,,,CI-LF-FM8E,$0.00,free,,,
30/09/2024 11:44:51,seoaibotcom@gmail.com,SEO AI Bot,,"SEO AI BOT automates content creation, SEO, and publishing, helping you quickly generate high-quality, search-optimized articles with minimal effort.","SEO AI BOT is a groundbreaking automation tool designed to revolutionize content creation and SEO optimization through advanced artificial intelligence. In today's digital landscape, where producing high-quality content and optimizing it for search engines are essential for online success, SEO AI BOT emerges as a comprehensive solution that addresses these challenges with remarkable efficiency and effectiveness. Central to its functionality is the AI-powered research capability, which allows SEO AI BOT to conduct thorough investigations into any given topic or keyword provided by the user. This involves utilizing an AI system that delves into various sources to collect accurate and relevant data, ensuring that the content generated is both informative and valuable. SEO AI BOT excels in creating well-structured, SEO-optimized articles that are designed not only to engage readers but also to enhance visibility in search engine results. The platform integrates seamlessly with WordPress, facilitating the automatic publishing of articles directly to the user's website, thus saving time and minimizing the risk of errors. Moreover, SEO AI BOT automates the process of submitting content to Google for indexing, ensuring that new posts are quickly recognized and indexed by search engines, which significantly boosts the website's visibility and organic traffic. The operation of SEO AI BOT is straightforward: users input their desired topics or keywords, the AI performs comprehensive research on these terms, generates well-organized, SEO-optimized content, publishes the article on WordPress, and submits it to Google for indexing. SEO AI BOT offers various pricing plans to accommodate different needs and budgets, including the BYOK Basic plan with 50 content generations per month and the BYOK Pro plan with 500 generations. These plans cater to a range of users from beginner bloggers to large businesses. One of the standout features of SEO AI BOT is its ability to conduct automated keyword research, analyze competition, and identify long-tail keywords with high conversion potential. Additionally, the platform allows for content creation in various tones, from professional and authoritative to conversational and friendly, adapting to different content types and objectives. With the capacity to generate over 1,000 high-quality articles monthly and a significant number of pages indexed in Google, SEO AI BOT demonstrates its effectiveness in driving organic traffic and enhancing website authority. By using SEO AI BOT, users can save hours of manual research, receive high-quality drafts ready for review or publication, and benefit from precise keyword research to strengthen their SEO strategy. The secure integration with WordPress and streamlined publishing process ensure that content reaches its audience efficiently. SEO AI BOT also supports non-WordPress sites through webhooks, extending its utility to various content management platforms. With its emphasis on automation and efficiency, SEO AI BOT represents a powerful tool for those aiming to elevate their online presence through top-notch content and advanced SEO optimization. For anyone ready to transform their content strategy and SEO efforts, SEO AI BOT offers a significant opportunity to enhance online management and optimization through a platform that combines in-depth research, high-quality content generation, and automated publishing to achieve effective and sustainable results.",https://www.seoaibot.com/,Standard Submission(Free): reviewed and listed within 30 days.,,,,,,,,,CI-LF-3JJN,$0.00,free,,,
30/09/2024 11:46:05,seoaibotcom@gmail.com,SEO AI Bot,,"SEO AI BOT automates content creation, SEO, and publishing, helping you quickly generate high-quality, search-optimized articles with minimal effort.","SEO AI BOT is a groundbreaking automation tool designed to revolutionize content creation and SEO optimization through advanced artificial intelligence. In today's digital landscape, where producing high-quality content and optimizing it for search engines are essential for online success, SEO AI BOT emerges as a comprehensive solution that addresses these challenges with remarkable efficiency and effectiveness. Central to its functionality is the AI-powered research capability, which allows SEO AI BOT to conduct thorough investigations into any given topic or keyword provided by the user. This involves utilizing an AI system that delves into various sources to collect accurate and relevant data, ensuring that the content generated is both informative and valuable. SEO AI BOT excels in creating well-structured, SEO-optimized articles that are designed not only to engage readers but also to enhance visibility in search engine results. The platform integrates seamlessly with WordPress, facilitating the automatic publishing of articles directly to the user's website, thus saving time and minimizing the risk of errors. Moreover, SEO AI BOT automates the process of submitting content to Google for indexing, ensuring that new posts are quickly recognized and indexed by search engines, which significantly boosts the website's visibility and organic traffic. The operation of SEO AI BOT is straightforward: users input their desired topics or keywords, the AI performs comprehensive research on these terms, generates well-organized, SEO-optimized content, publishes the article on WordPress, and submits it to Google for indexing. SEO AI BOT offers various pricing plans to accommodate different needs and budgets, including the BYOK Basic plan with 50 content generations per month and the BYOK Pro plan with 500 generations. These plans cater to a range of users from beginner bloggers to large businesses. One of the standout features of SEO AI BOT is its ability to conduct automated keyword research, analyze competition, and identify long-tail keywords with high conversion potential. Additionally, the platform allows for content creation in various tones, from professional and authoritative to conversational and friendly, adapting to different content types and objectives. With the capacity to generate over 1,000 high-quality articles monthly and a significant number of pages indexed in Google, SEO AI BOT demonstrates its effectiveness in driving organic traffic and enhancing website authority. By using SEO AI BOT, users can save hours of manual research, receive high-quality drafts ready for review or publication, and benefit from precise keyword research to strengthen their SEO strategy. The secure integration with WordPress and streamlined publishing process ensure that content reaches its audience efficiently. SEO AI BOT also supports non-WordPress sites through webhooks, extending its utility to various content management platforms. With its emphasis on automation and efficiency, SEO AI BOT represents a powerful tool for those aiming to elevate their online presence through top-notch content and advanced SEO optimization. For anyone ready to transform their content strategy and SEO efforts, SEO AI BOT offers a significant opportunity to enhance online management and optimization through a platform that combines in-depth research, high-quality content generation, and automated publishing to achieve effective and sustainable results.",https://www.seoaibot.com/,Standard Submission(Free): reviewed and listed within 30 days.,,,,,,,,,CI-LF-3HFQ,$0.00,free,,,
16/10/2024 07:48:40,mosborn@skail.ai,Skail,,"Skail.ai is an AI-powered email automation tool that crafts personalized emails in your unique style. It integrates with CRMs and datasets, learns from your writing, and can send messages autonomously. It’s secure, adaptable, and privacy-focused. ","Skail.ai is an AI-powered email automation tool that combines efficiency with personalization, helping users expand their communication efforts without losing their unique voice. Here are the key features:

AI-Powered Personalization: Learns your writing style over time, creating personalized email content that sounds like it came directly from you.

Flexible Interaction Modes: Generate drafts for review or allow Skail to send emails autonomously, offering control over automation.

CRM Integrations: Seamlessly connects with popular CRMs like Salesforce and HubSpot to enrich email content with contextual information.

Privacy-Focused: Built with a strong emphasis on data security to protect user privacy and sensitive information.

Performance Analytics: Track metrics like open rates and response rates to gain insights and optimize outreach strategies.

User-Friendly Interface: Easy to set up and use, with an intuitive design accessible to both technical and non-technical users.

Scalable Authenticity: Allows for authentic email outreach at scale, combining the efficiency of automation with a human touch.",https://skail.ai/,Standard Submission(Free): reviewed and listed within 30 days.,,,,,,,,,CJ-LF-QFQ3,$0.00,free,,,
18/10/2024 13:54:10,goodaitoolsmkt@gmail.com,Good AI Tools,,"GoodAITools.com helps you discover top AI tools for various needs. Explore AI applications for productivity, creativity, and more, categorized for easy access. Stay ahead with the best AI solutions.","GoodAITools is a comprehensive platform offering a curated directory of the best AI tools available. Designed for developers, businesses, and enthusiasts, it simplifies the search for AI-powered solutions across various industries. Whether you're looking for tools in natural language processing, machine learning, image recognition, or automation, GoodAITools provides detailed listings, reviews, and ratings. The site is user-friendly, allowing visitors to easily explore and filter tools based on specific needs. With regularly updated content and a focus on the latest innovations, GoodAITools helps users stay ahead in the fast-evolving AI landscape.",https://goodaitools.com/,Standard Submission(Free): reviewed and listed within 30 days.,,,,,,,,,CJ-LF-NKKF,$0.00,free,,,
05/11/2024 17:00:48,submitsaascom@gmail.com,SubmitSaaS,,"SubmitSaaS handles your submissions to 100+ directories, saving you time and improving SEO. We focus on high-quality platforms to help your SaaS attract more traffic, while you get a detailed report.","SubmitSaaS makes submitting your SaaS to 100+ directories fast and efficient. We take care of all the technical details, saving you over 20 hours of work. Our team ensures your SaaS is listed on high-quality platforms, boosting your SEO with valuable backlinks.

You'll receive a detailed report with screenshots of each submission, so you can track your progress across all directories. This way, you know exactly where your SaaS is getting attention and how it's performing. We focus on selecting the right platforms to reach your target audience, driving relevant traffic to your website.

Whether you’re just starting or looking to grow, SubmitSaaS ensures your product is seen by the right people. Focus on growing your business, while we handle the repetitive tasks of directory submissions and optimize each listing for you.",https://submitsaas.com/,Standard Submission(Free): reviewed and listed within 30 days.,,,,,,,,,CK-LF-ME96,$0.00,free,,,
05/11/2024 17:01:53,submitsaascom@gmail.com,SubmitSaaS,,"SubmitSaaS handles your submissions to 100+ directories, saving you time and improving SEO. We focus on high-quality platforms to help your SaaS attract more traffic, while you get a detailed report.","SubmitSaaS makes submitting your SaaS to 100+ directories fast and efficient. We take care of all the technical details, saving you over 20 hours of work. Our team ensures your SaaS is listed on high-quality platforms, boosting your SEO with valuable backlinks.

You'll receive a detailed report with screenshots of each submission, so you can track your progress across all directories. This way, you know exactly where your SaaS is getting attention and how it's performing. We focus on selecting the right platforms to reach your target audience, driving relevant traffic to your website.

Whether you’re just starting or looking to grow, SubmitSaaS ensures your product is seen by the right people. Focus on growing your business, while we handle the repetitive tasks of directory submissions and optimize each listing for you.",https://submitsaas.com/,Standard Submission(Free): reviewed and listed within 30 days.,,,,,,,,,CK-LF-ZZGH,$0.00,free,,,
08/11/2024 02:59:00,contact@libretto.fm,Libretto.fm,,"Libretto is a complete toolkit for audio and video creators, designed to simplify every step of the production process.","Libretto is a complete toolkit for audio and video creators, designed to simplify every step of the production process. With Libretto, creators can record in high quality, edit with ease, and share content effortlessly—all within a single platform. Say goodbye to juggling multiple tools: Libretto enables creators to produce polished content without the need for complex software or technical expertise.

Key Features:

Record 48khz 16-bit raw audio and upto 4K video, with remote participants for podcasts, remote interviews and screen recordings.

Separate-track and """"double-ended"""" recording for crisp recording quality.

Mediaboard with royalty free music and sound effects to enhance live recording.

Transcript-based audio & video editing - edit like a doc.

Captioning - chose styles and apply captions to videos from auto transcription.

Intelligent editing features - Filler word ('um', 'uh', etc..) removal, Silence removal.

Studio sound - automatic audio enhancement to make your content sound good.

Export video & audio in any resolution, for any platform.

Benefits:

All-in-One: Combines recording, editing, and sharing in one platform.

High-Quality Recording: Studio-level audio and video without special equipment.

Time-Saving Editing: Automated tools for filler word removal, noise reduction, and simple edits.

Easy Sharing: Export in multiple formats for social media and other platforms.

User-Friendly: Intuitive interface, no complex software skills required.",https://libretto.fm/,Standard Submission(Free): reviewed and listed within 30 days.,,,,,,,,,CK-LF-2JWU,$0.00,free,,,
10/11/2024 18:28:43,tweetfastcom@gmail.com,Tweet Fast,,TweetFast is a comprehensive AI-powered platform designed to revolutionize your Twitter content creation process.,"TweetFast is a comprehensive AI-powered platform designed to revolutionize your Twitter content creation process. By leveraging analysis from over 10,000 top-performing tweets, the platform transforms basic drafts into compelling content using proven frameworks for viral engagement.
The tool offers multiple AI-powered features, including viral tweet generation, thread hook creation, Socratic tweet composition, idea generation, and tweet rewriting capabilities. With pricing options ranging from a Starter plan ($4.99/month) to a Lifetime package ($145), TweetFast caters to individual creators and agencies alike.

Key features include:
- AI-powered tweet optimization
- Thread creation tools
- Customizable project management
- Socratic chat functionality
- Thread CTAs
- Multiple pricing tiers with varying usage limits

The platform aims to help users create trending content efficiently, promising to turn """"meh"""" tweets into """"mind-blown"""" content in seconds rather than hours, making it an invaluable tool for social media growth and engagement.",https://twtfast.com/,Standard Submission(Free): reviewed and listed within 30 days.,,,,,,,,,CK-LF-NDX3,$4.99,checkout-started,,,11/10/2024 18:29:07
10/11/2024 18:30:08,tweetfastcom@gmail.com,Tweet Fast,,TweetFast is a comprehensive AI-powered platform designed to revolutionize your Twitter content creation process.,"TweetFast is a comprehensive AI-powered platform designed to revolutionize your Twitter content creation process. By leveraging analysis from over 10,000 top-performing tweets, the platform transforms basic drafts into compelling content using proven frameworks for viral engagement.
The tool offers multiple AI-powered features, including viral tweet generation, thread hook creation, Socratic tweet composition, idea generation, and tweet rewriting capabilities. With pricing options ranging from a Starter plan ($4.99/month) to a Lifetime package ($145), TweetFast caters to individual creators and agencies alike.

Key features include:
- AI-powered tweet optimization
- Thread creation tools
- Customizable project management
- Socratic chat functionality
- Thread CTAs
- Multiple pricing tiers with varying usage limits

The platform aims to help users create trending content efficiently, promising to turn """"meh"""" tweets into """"mind-blown"""" content in seconds rather than hours, making it an invaluable tool for social media growth and engagement.",https://twtfast.com/,Standard Submission(Free): reviewed and listed within 30 days.,,,,,,,,,CK-LF-K7WQ,$4.99,checkout-started,,,11/25/2025 10:08:59
12/11/2024 13:22:13,roastmylandingpageio@gmail.com,Roast My Landing Page,,"RoastMyLandingPage.io is a tool that offers actionable, AI-driven feedback for optimizing landing pages.","RoastMyLandingPage.io is a tool that offers actionable, AI-driven feedback for optimizing landing pages. Designed with creators, marketers, and entrepreneurs in mind, it delivers quick, honest critiques to help boost conversions. By analyzing key areas like copy, UX, UI, marketing, and performance, our multi-agent AI system provides targeted insights to improve each aspect of your landing page. With feedback in under five minutes, you can pinpoint issues and implement changes that elevate your page’s effectiveness. No more vague advice—just clear, actionable guidance to help your page succeed.

Key Features
- AI-Powered Landing Page Critique: Provides detailed, expert-level feedback in under five minutes.
- Multi-Agent Analysis: Combines insights from specialized AI agents in marketing, UX, UI, copywriting, and frontend development.
- Actionable Critiques: Clear, specific recommendations that help users implement impactful changes fast.
- Pinpointed Feedback: Pinpoints exact areas of improvement with accuracy, so you know exactly what needs fixing.
- Money-Back Guarantee: Ensures satisfaction by offering a refund if results do not meet expectations.

Benefits
- Affordable and Fast Feedback: At a low cost, users receive actionable feedback in minutes.
- No Subscription Model: Pay per roast, allowing flexibility and control over costs.
- Expert-Level Analysis: Emulates insights from experts in multiple fields, ensuring comprehensive critique.
- Boosts Conversion Potential: Feedback directly targets conversion issues, aiming for measurable improvements.
- Easy to Use: Simply enter your URL, and get a detailed report quickly.",https://roastmylandingpage.io/,Standard Submission(Free): reviewed and listed within 30 days.,,,,,,,,,CK-LF-EZVY,$0.00,free,,,
13/11/2024 19:24:36,jobbuddytechcom@gmail.com,JobBuddy,,"JobBuddy is an AI-powered tool that simplifies the job application process, helping you create professional, tailored resumes and cover letters that stand out.","JobBuddy is an AI-powered tool that simplifies the job application process, helping you create professional, tailored resumes and cover letters that stand out. By leveraging data-backed algorithms, JobBuddy customizes each document to match job descriptions, optimizing for Applicant Tracking Systems (ATS) to enhance visibility. Users can also prepare for interviews with role-specific questions and answer strategies. With various templates and easy editing, JobBuddy is designed to help job seekers save time and increase their chances of landing a job. Whether you're new to the job market or seeking to advance your career, JobBuddy is your personalized career assistant.

JobBuddy is ideal for job seekers, students, professionals, and anyone looking to improve their job application materials. It’s especially useful for those who want to create high-quality resumes and cover letters quickly and efficiently.",https://jobbuddytech.com/,Standard Submission(Free): reviewed and listed within 30 days.,,,,,,,,,CK-LF-3PEK,$0.00,free,,,
14/11/2024 21:23:30,autopilotshortscom@gmail.com,Autopilot Shorts,,"Autopilot Shorts is an AI tool designed for generating faceless video shorts. It allows users to create unique videos automatically, using advanced technologies such as GPT-4 and Claude Sonnet.","Autopilot Shorts is an AI tool designed for generating faceless video shorts. It allows users to create unique videos automatically, using advanced technologies such as GPT-4 and Claude Sonnet.

The tool eliminates the need for video editing skills, making it accessible for anyone looking to enhance their online presence. Users can customize various elements of the video such as the script, title, and background music, ensuring that each creation aligns with their vision.

The platform supports content scheduling for TikTok and YouTube with a single click. Autopilot Shorts focuses on user convenience by offering features like video length selection, customizable AI voices, and a built-in NSFW filter to ensure safety and compliance.

Key Features
- Always Unique Content: We use latest AI technologies like GPT-4 & Claude Sonnet to ensure unique videos are produced, even on the same topic.

- Customisable Art Styles: Choose from a variety of art styles to create your perfect video short. No drawing skills needed.

- AI Image Editor: AI Image Editor allows you to fix inconsistencies by regenerating the images to your liking. We use the latest image AI technology to generate images that are unique, visually appealing & copyright-free.

- Set and Forget: Schedule videos to TikTok & Youtube with one click, and let us handle the rest.

- Always new updates: Stay ahead in the game as we regularly update our platform with new features & content.

- Review before Publish: Easily edit script, title, background music, background images, cover, caption styles & more before it gets published.

- Own Your Videos: Download, use, and even sell your videos. Maintain full commercial ownership of your content.",https://autopilotshorts.com,Standard Submission(Free): reviewed and listed within 30 days.,,,,,,,,,CK-LF-X3NL,$0.00,free,,,
27/11/2024 15:01:58,hello@aichatbot.support,AI Chatbot Support,,"AI Customer Support chatbots for instant, personalized customer service across all channels.  Seamlessly integrate with your website, social media, and messaging apps.  Boost efficiency, free up your team, and delight your customers. ✨","AI Chatbot Support empowers businesses to deliver exceptional customer experiences.

Key Features:

AI Chatbots: Provide instant, personalized answers 24/7, freeing up your team.
Live Chat: Seamlessly transition to human agents when needed.
Multi-Platform: Connect your website, social media, & messaging apps.
Smart Reply: AI suggests responses, boosting efficiency.
Customization: Tailor chatbots to match your brand.
Analytics: Track key metrics & optimize your support strategy.
Benefits:

Boost customer satisfaction with instant support.
Increase efficiency and free up your team.
Reduce costs by automating support.
Enhance brand image with consistent service.
Drive sales with proactive engagement.

AI Chatbot Support: Your partner in delivering exceptional customer service.",https://aichatbot.support/,Standard Submission(Free): reviewed and listed within 30 days.,,,,,,,,,CK-LF-F8PG,$0.00,free,,,
20/12/2024 04:23:21,lvloomystery@gmail.com,Onion AI,,OnionAI Search is a streamlined AI-powered search engine aggregator that lets you switch seamlessly between various AI search engines. ,"OnionAI Search is a streamlined AI-powered search engine aggregator that lets you switch seamlessly between various AI search engines. 

Seamless Switching Between AI Search Engines
Easily switch between various AI search engines by entering your query and clicking search to get instant results.
Convenient Prompt and Bookmark Management
Save frequently used prompts and apply them to the search bar with one click. Access your favorite websites quickly to boost search efficiency.
Local Storage with No Login Required",https://onionai.so,Standard Submission(Free): reviewed and listed within 30 days.,,,,,,,,,CL-LF-3HB8,$0.00,free,,,
20/12/2024 11:52:00,cognexocom@gmail.com,Cognexo,,AI gamified learning & surveys.,"Our mission is to help businesses connect and develop their employees to build a highly engaged, skilled and productive workforce. 

We believe that when employees feel heard and valued, companies thrive. By giving employees a voice and addressing issues like poor management, toxic cultures and limited growth opportunities, we enable employers to identify and resolve problems before they lead to disengagement and churn.

We are also revolutionising L&D, by moving beyond a one-size-fits-all approach. Our platform reinforces, personalises and gamifies learning, aligning to each employee's unique needs, to create a culture of continuous improvement.

By creating a great employee experience, Cognexo is helping redefine the employee / employer relationship

Proof points?

-	Our AI-powered engagement and development solution enhances the employee experience at each stage in the journey. 

-	We believe that development and engagement should start early in the lifecycle as the best way to address a problem is prevent it happening in the first place. [Tell us where your pain points are in that journey and we can show you how we’ll fix them]

-	Engagement: By using light-touch, response-driven surveys, Cognexo can elevate your current engagement programme by detecting and escalating staff issues in real-time – helping our clients reduce turnover by 50%. 

-	Development: In the same platform, we can also deliver daily personalised learning which will reinforce content from existing L&D programmes, to increase their effectiveness and demonstrate ROI. 

-	We can work as a stand-alone solution or enhance your existing people programme. If a company already has an LMS, then we can seamlessly integrate with it to reinforce it’s content. Or if you an existing engagement strategy we can enhance that through automated issue detection and escalation.",https://cognexo.com/,Standard Submission(Free): reviewed and listed within 30 days.,,,,,,,,,CL-LF-NGNG,$0.00,free,,,
20/12/2024 14:32:43,thatsmyai608@gmail.com,ThatsMyAI,,"""ThatsMyAI is a platform that helps individuals and businesses find the most suitable AI solutions for their specific needs. By providing AI-driven insights and tools, it empowers users to make informed decisions and stay ahead of the competition.
""											","ThatsMyAI - Discover the Right AI Tools for Your Needs
ThatsMyAI is a platform that helps individuals and businesses find the most suitable AI solutions for their specific needs. By providing AI-driven insights and tools, it empowers users to make informed decisions and stay ahead of the competition.

What Can ThatsMyAI Do for You?
ThatsMyAI offers a comprehensive suite of features designed to help users navigate the complex world of AI. The platform provides personalized recommendations based on user preferences, budget, and industry, ensuring that each user finds the AI solution that best fits their needs. Additionally, ThatsMyAI offers AI-driven insights and tools that help users stay informed about the latest AI trends and technologies.

Who Is ThatsMyAI For?
ThatsMyAI is designed for a wide range of users, including:
Individuals looking to leverage AI to enhance their personal or professional lives
Large enterprises aiming to stay ahead of the curve by adopting cutting-edge AI technologies
Small and medium-sized businesses seeking to implement AI solutions to improve efficiency and productivity

Why Is ThatsMyAI Useful?
ThatsMyAI is useful because it simplifies the process of finding and implementing AI solutions. By providing personalized recommendations and AI-driven insights, the platform helps users make informed decisions and avoid costly mistakes. Additionally, ThatsMyAI's user-friendly interface and comprehensive resources make it easy for users of all skill levels to navigate the world of AI.

Why Do You Need ThatsMyAI?
Customers need ThatsMyAI because it helps them stay competitive in an increasingly AI-driven world. By leveraging the platform's AI-driven insights and tools, customers can gain a competitive edge and drive innovation within their respective industries. Additionally, ThatsMyAI's focus on personalized recommendations ensures that each customer finds the AI solution that best fits their unique needs and goals.
",https://thatsmy.ai,Standard Submission(Free): reviewed and listed within 30 days.,,,,,,,,,CL-LF-2RWU,$0.00,free,,,
28/12/2024 13:03:14,lightroompresetgeneratorcom@gmail.com,Lightroom Preset Generator,,The Lightroom Preset Generator at Legendary Presets is an innovative AI tool designed for photographers who seek to streamline their editing process while maintaining creative control.,"The Lightroom Preset Generator at Legendary Presets is an innovative AI tool designed for photographers who seek to streamline their editing process while maintaining creative control. This tool leverages advanced artificial intelligence to analyze your existing photos or style preferences and generate custom Lightroom presets tailored specifically to your aesthetic vision.

Unlike one-size-fits-all presets, this generator creates bespoke presets based on the nuances of your photography, from color grading to tone adjustments. Whether you're aiming for a consistent look across your portfolio or experimenting with new styles, the AI interprets your input to produce presets that enhance mood, color balance, and detail in your images.

Photographers can input sample images or answer a few questions about their desired outcomes, and the AI does the heavy lifting. It learns from each interaction, refining its understanding of what you like, making subsequent presets even more personalized. The result is not only time-saving but also ensures that each edit feels unique and intentional. ",https://legendarypresets.com/lightroom-preset-generator/,Standard Submission(Free): reviewed and listed within 30 days.,,,,,,,,,CL-LF-UQHM,$0.00,free,,,
07/01/2025 22:18:35,ula@vidnoz.com,Vidnoz AI,,Create Free AI Videos in Minutes with Vidnoz AI,Create Free AI Videos in Minutes with Vidnoz AI,https://www.vidnoz.com/,Standard Submission(Free): reviewed and listed within 30 days.,,,,,,,,,DA-LF-447M,$0.00,free,,,
15/01/2025 09:55:00,contact@jobsaicopilot.com,JobsAICopilot,,JobsAICopilot is an advanced AI-driven platform designed to automate the entire job application process for job seekers.,"JobsAICopilot is an advanced AI-driven platform designed to automate the entire job application process for job seekers. By integrating sophisticated artificial intelligence, JobsAICopilot enables users to set up their job search preferences once and then lets the AI handle the rest. The platform automatically applies to suitable jobs from a database of over 50,000 companies worldwide, matching the users' skills and preferences. Key Features: One-Time Setup: Users input their job preferences, upload their resume, and answer initial screening questions once. Automated Applications: The AI applies to jobs daily based on the user’s profile and job market availability. ",https://jobsaicopilot.com/,Standard Submission(Free): reviewed and listed within 30 days.,,,,,,,,,DA-LF-8TRF,$0.00,free,,,
30/01/2025 00:16:46,usefulaihub@gmail.com,Cloudbooklet AI,,"Cloudbooklet AI: Your go-to platform for AI tools and image generation.
","Cloudbooklet AI has everything you need to get creative and stay productive. You can make amazing visuals with the AI Image Generator and have smooth conversations with the AI Chatbot. Plus, with over 23,000 tools across various categories, it’s a one-stop platform for tackling just about anything you need.",https://www.cloudbooklet.com/,Standard Submission(Free): reviewed and listed within 30 days.,,,,,,,,,DA-LF-886N,$0.00,free,,,
02/02/2025 11:47:08,mohanishp1@gmail.com,ClyrBG,,"Background removal shouldn't be a chore. ClyrBG's AI makes it a joyful experience.Remove, Change & Add custom background with the help of AI in a giffy","Background removal shouldn't be a chore. ClyrBG's AI makes it a joyful experience.Remove, Change & Add custom background with the help of AI in a giffy",https://clyrbg.com,Standard Submission(Free): reviewed and listed within 30 days.,,,,,,,,,DB-LF-BLQB,$0.00,free,,,
09/02/2025 03:12:55,steve@bypassgpt.org,BypassGPT,,"
Join 50,000+ Writers Using BypassGPT.org to Bypass AI Detection. BypassGPT: Transform AI Text into 100% Human Content Instantly! 🔥 The Most Advanced AI Humanizer Tool. Free Forever!
","BypassGPT is an advanced AI humanizer that converts AI-generated text into authentic, human-like content. Ideal for writers, marketers, and students, it offers real-time processing, ensuring undetectable results across multiple styles. Experience seamless text transformation and enhance your content’s engagement with BypassGPT.",https://bypassgpt.org,Standard Submission(Free): reviewed and listed within 30 days.,,,,,,,,,DB-LF-J3XP,$0.00,free,,,
18/02/2025 02:07:18,sarma.bkp@acta.ai,Acta ai AI Meeting Note Taker,,"Acta is a cutting-edge platform designed to streamline meeting conversations, placeholder for all your meeting discussions and structured way of following up on Action points.","Acta.AI's features—transcription, summarization, and action point tracking, key points discussed, Chat with meeting conversations, Consolidation from multiple meetings, compatible with Zoom, Googlemeet , MSTeams and Confluence/JIRA/Salesforce Integrations. Among all the above features, Consolidation from multiple meeting is more unique and impactful. This will go beyond meeting minutes. Imagine having an entire year’s worth of meeting conversation data at your fingertips. By leveraging this data, organizations can extract valuable insights, identify recurring patterns, and make data-driven decisions that drive efficiency and innovation.",https://acta.ai/,Express Submission - $29.00: eviewed and listed within 48 hours,,,,,,,,,DB-LF-Z4DX,$29.00,checkout-started,,,11/25/2025 09:58:45
04/03/2025 01:17:16,rizwan@websparks.ai,websparks,,"Build websites & apps faster with WebSparks, the AI software engineer. Empowering developers & non-coders to create production-ready applications quickly.

","Turn ideas into web apps, faster than ever with AI.
Build websites & apps faster with WebSparks, the AI software engineer. Empowering developers & non-coders to create production-ready applications quickly.


WebSparks is an AI-powered software engineer agent that helps you build production-ready applications significantly faster. It transforms your text, images, and sketches into complete full-stack applications with responsive frontends, robust backends, and optimized databases. This allows developers, designers, and visionaries to bring their ideas to life quickly and efficiently.",https://websparkAs.ai,Standard Submission(Free): reviewed and listed within 30 days.,,,,,,,,,DC-LF-7HHF,$0.00,free,,,
06/03/2025 01:43:09,helpful@thebuildermarket.com,The Builder Market Moodboard,,"The Builder Market Moodboards is a cutting-edge design tool that allows homeowners, interior designers, and professionals to create stunning, personalized moodboards with ease.","
The Builder Market Moodboards is an innovative design tool that empowers homeowners, interior designers, and professionals to create stunning, personalized mood boards with ease. Powered by Pinterest, it provides seamless inspiration access, while an exclusive partnership with Williams-Sonoma offers high-quality, shoppable products. Whether planning a renovation or redesigning a space, this intuitive platform simplifies the creative process, turning visions into reality effortlessly.

The Builder Market Moodboards is an innovative and intuitive design tool that helps homeowners, interior designers, and professionals create visually stunning and personalized mood boards. Whether planning a full-scale renovation, redesigning a single space, or gathering inspiration for a home project, this platform streamlines the creative process, making it easier than ever to bring design visions to life.

Powered by Pinterest, The Builder Market Moodboards offers seamless access to a vast library of design inspirations, allowing users to explore trending styles, curated collections, and aesthetic ideas. Additionally, an exclusive partnership with Williams-Sonoma integrates premium, shoppable products from Pottery Barn, West Elm, Williams-Sonoma, and Rejuvenation, ensuring high-quality selections for every design concept.

Unlike traditional mood board methods that rely on physical materials or scattered digital tools, The Builder Market Moodboards provides a centralized, digital workspace where users can effortlessly create, refine, and share their designs. It’s the perfect tool for anyone looking to visualize home transformations with ease and precision.",https://thebuildermarket.com/content/moodboards,Standard Submission(Free): reviewed and listed within 30 days.,,,,,,,,,DC-LF-2QZQ,$0.00,free,,,
06/03/2025 01:53:43,helpful@thebuildermarket.com,The Builder Market Moodboard,,"The Builder Market Moodboards is a cutting-edge design tool that allows homeowners, interior designers, and professionals to create stunning, personalized moodboards with ease. Whether you're planning a renovation, redesigning a space, or gathering inspiration for your next home project, this intuitive platform helps bring your vision to life.","Seamlessly Integrated with Pinterest for Ultimate Inspiration
Finding inspiration has never been easier! Powered by Pinterest, The Builder Market Moodboards gives users direct access to an extensive library of design ideas, trending styles, and curated collections. Pin your favorite furniture, decor, and materials directly to your moodboard and experiment with different aesthetics—all in one place. With real-time Pinterest integration, you can effortlessly explore color palettes, layouts, and product combinations to create a cohesive design vision.

Exclusive Partnership with Williams-Sonoma
To further elevate your home design experience, The Builder Market Moodboards has partnered with Williams-Sonoma, a leader in high-quality home furnishings and kitchenware. Browse and integrate products from Pottery Barn, West Elm, Williams-Sonoma, and Rejuvenation directly into your moodboard. See how luxury furniture, premium cookware, and stylish decor pieces fit into your design before making a purchase. This partnership ensures that you’re working with top-tier, shoppable products that align with your aesthetic and quality expectations.

By leveraging the power of Pinterest and its exclusive partnership with Williams-Sonoma, The Builder Market Moodboards is more than just a design tool—it’s a complete home inspiration and planning experience. It streamlines the creative process, helping users move seamlessly from inspiration to execution with real, shoppable products and a clear vision of their dream space.
Unlike traditional moodboarding methods, which can be time-consuming and disorganized, The Builder Market Moodboards offers a streamlined digital solution that allows users to create, edit, and refine their designs effortlessly. Whether you’re mapping out a complete home renovation or simply looking for the perfect color palette for a single room, this tool simplifies the design process, helping you make informed decisions before committing to purchases or renovations.

Start bringing your dream designs to life today with The Builder Market Moodboards – where creativity meets functionality in home design!
",https://thebuildermarket.com/content/moodboards,Standard Submission(Free): reviewed and listed within 30 days.,,,,,,,,,DC-LF-N4DX,$0.00,free,,,
06/03/2025 11:17:52,statedaoteam@gmail.com,Fakeface,,"Fakeface is a free unlimited video face swap tool with ease, speed, and top-notch quality.","Fakeface is an innovative online face swap tool designed for creatives looking to enhance their videos, photos, and GIFs. Its advanced AI technology enables realistic and high-speed face swapping, making it perfect for content creators who want stunning results that capture attention and elevate their projects effortlessly.",https://fakeface.io/,Standard Submission(Free): reviewed and listed within 30 days.,,,,,,,,,DC-LF-BPEV,$0.00,free,,,
12/03/2025 10:18:57,sales@reachfast.ai,Reachfast.ai,,"Reachfast.ai is an Ai-powered contact lookup tool to find direct phone numbers and emails of 385M+ professionals just by using their linkedin urls With the Reachfast Application, you can streamline your outreach, enhance your CRM, and accelerate your workflow. ","Reachfast.ai is an Ai-powered contact lookup tool to find direct phone numbers and emails of 385M+ professionals just by using their linkedin urls With the Reachfast Application, you can streamline your outreach, enhance your CRM, and accelerate your workflow. Upload a CSV or copy/paste LinkedIn URLs to retrieve phones and emails in under 5 minutes. Whether you're in sales, recruiting, or business development, Reachfast helps you connect with CEOs, VPs, Directors, and other key contacts in 190+ countries. Reachfast is trusted by businesses of all sizes—from solo entrepreneurs to India’s top hiring firms—to quickly and efficiently connect with clients and candidates. ",https://reachfast.ai,Standard Submission(Free): reviewed and listed within 30 days.,,,,,,,,,DC-LF-LF8J,$0.00,free,,,
11/04/2025 02:31:17,actionagentsseo@gmail.com,ActionAgents AI,,"ActionAgents.co is the world’s #1 marketplace to hire AI Agents. From analyzing chats to building websites or finding gifts, our diverse agents cater to all needs","ActionAgents.co is the world’s #1 marketplace to hire AI Agents. From analyzing chats to building websites or finding gifts, ",https://www.linkedin.com/company/actionagents-ai/,Standard Submission(Free): reviewed and listed within 30 days.,,,,,,,,,DD-LF-AGHP,$0.00,free,,,
17/05/2025 09:46:10,SilverioGuate581@gmail.com,AI Song Generator Free Online,,"AI Song Generator is an easy-to-use platform that creates high-quality, royalty-free music in various styles, perfect for videos, ads, and creative projects.","This AI music generation website is truly impressive! The interface is intuitive and user-friendly, and the quality of the generated music is surprisingly good. I particularly love how it can customize creations based on different styles and moods, saving me a lot of time searching for royalty-free music for my projects. Highly recommended for all creators who need original background music! Looking forward to seeing how this tool evolves in the future.",https://aisongsgenerator.com,Standard Submission(Free): reviewed and listed within 30 days.,,,,,,,,,DE-LF-XUZP,$0.00,free,,,
17/05/2025 09:49:27,SilverioGuate581@gmail.com,AI Song Generator Free Online,,"AI Song Generator is an easy-to-use platform that creates high-quality, royalty-free music in various styles, perfect for videos, ads, and creative projects.","This AI music generation website is truly impressive! The interface is intuitive and user-friendly, and the quality of the generated music is surprisingly good. I particularly love how it can customize creations based on different styles and moods, saving me a lot of time searching for royalty-free music for my projects. Highly recommended for all creators who need original background music! Looking forward to seeing how this tool evolves in the future.",https://aisongsgenerator.com,Standard Submission(Free): reviewed and listed within 30 days.,,,,,,,,,DE-LF-LA66,$0.00,free,,,
23/05/2025 01:16:44,dharmendraramkkumar@gmail.com,  Generator AI Music Free Online,,"AI Song Generator is an easy-to-use platform that creates high-quality, royalty-free music in various styles, perfect for videos, ads, and creative projects.","his AI music generation website is truly impressive! The interface is intuitive and user-friendly, and the quality of the generated music is surprisingly good. I particularly love how it can customize creations based on different styles and moods, saving me a lot of time searching for royalty-free music for my projects. Highly recommended for all creators who need original background music! Looking forward to seeing how this tool evolves in the future.

",https://www.generatoraimusic.com/,Standard Submission(Free): reviewed and listed within 30 days.,,,,,,,,,DE-LF-U2Q2,$0.00,free,,,
27/05/2025 02:36:50,SilverioGuate581@gmail.com,Generator AI Music Free Online,,"AI Song Generator is an easy-to-use platform that creates high-quality, royalty-free music in various styles, perfect for videos, ads, and creative projects.","AI Song Generator is an easy-to-use platform that creates high-quality, royalty-free music in various styles, perfect for videos, ads, and creative projects.",https://www.generatoraimusic.com/,Standard Submission(Free): reviewed and listed within 30 days.,,,,,,,,,DE-LF-39LQ,$0.00,free,,,
16/06/2025 16:05:11,seomode.co@gmail.com,SEO mode,,More backlinks. More traffic. More chances to get your first customers,"Get Your Product Listed in 100+ Directories on auto-pilot!
Get more sales, more traffic, and improve your Domain authority, while you focus on building your startup!",https://seomode.co/,Standard Submission(Free): reviewed and listed within 30 days.,,,,,,,,,DF-LF-UHTD,$0.00,free,,,
20/06/2025 10:38:15,seo@reasonyx.com,Reasonyx,,"Reasonyx is an AI-first platform that lets you automate business workflows from a dynamic, spreadsheet-like interface. Import data, run AI actions, and scale operations—no code, no tool-hopping, just results.","Reasonyx is a no-code AI workflow builder that combines data, APIs, and automation into a single spreadsheet-style interface. Users can run AI and API actions across thousands of rows, automate research, and build complex multi-step workflows without writing any code. It’s especially powerful for sales, marketing, and operations teams looking to scale without technical overhead.
•	Automate lead enrichment for sales prospecting
•	Run large-scale competitor and keyword research
•	Generate SEO content like titles and meta descriptions
•	Monitor trends and brand mentions using news APIs
•	Create multi-step outreach workflows with AI personalization
•	Clean, validate, and enrich large datasets
•	Build programmatic dashboards for marketing insights
•	Orchestrate AI agents for custom research tasks
",https://reasonyx.com,Standard Submission(Free): reviewed and listed within 30 days.,,,,,,,,,DF-LF-URMP,$0.00,free,,,
10/07/2025 04:18:00,wangava498@gmail.com,seedance,,"https://www.seedance.ai/[Seedance AI](https://www.seedance.ai/Seedance deepens the link between movement, sound, and emotion. Dancers tune into not just the beat of the music but its nuances—the rise and fall of a vocalist’s tone, the swell of an orchestra, or the pause between notes.","https://www.seedance.ai/
[Seedance AI](https://www.seedance.ai/Seedance deepens the link between movement, sound, and emotion. Dancers tune into not just the beat of the music but its nuances—the rise and fall of a vocalist’s tone, the swell of an orchestra, or the pause between notes. A sudden drop in music volume might trigger a momentary stillness, while a burst of melody could inspire a burst of energy, creating a visceral, sensory dialogue between body and sound.",https://www.seedance.ai,Standard Submission(Free): reviewed and listed within 30 days.,,,,,,,,,DG-LF-JXPG,$0.00,free,,,
11/09/2025 02:40:02,contact@makebestmusic.com,MakeBestMusic,,AI Music Generation Products.,AI Music Generation Products.,https://makebestmusic.com/,Standard Submission(Free): reviewed and listed within 30 days.,,,,,,,,,DI-LF-HRC7,$0.00,free,,,
02/10/2025 09:57:59,generatemetadata@gmail.com,Generate Metadata,,"Generate Metadata is a CMS built for SEO, helping users automate or
fine-tune metadata with AI. From indie hackers to SEO agencies and midsized companies, it makes optimizing websites easier, faster, and more
effective.","Generate Metadata is an AI-powered SEO CMS that simplifies the way
websites manage and optimize metadata. Once installed, it scans your
site’s pages and either auto-generates optimized metadata or allows
manual fine-tuning, depending on your needs. The platform supports
hands-off automation for indie hackers who don’t want to worry about
SEO, while also providing advanced features and integrations for SEO
agencies and mid-sized companies managing hundreds of pages. With
its Next.js adapter and webhook integration, changes go live instantly,
ensuring websites remain SEO-friendly at scale. By focusing specifically on metadata optimization rather than content management, Generate
Metadata fills a crucial gap left by traditional CMS platforms.",https://www.generate-metadata.com/,Standard Submission(Free): reviewed and listed within 30 days.,,,,,,,,,DJ-LF-QPEL,$0.00,free,,,
02/10/2025 22:30:17,yttranscripts.org@gmail.com,YouTube Transcript Generator – Free,,"Instantly convert YouTube videos to text
"," Users can generate transcripts with high accuracy, download them as text files, and copy them to the clipboard. The tool also supports searching within transcripts and provides AI-powered summarization to quickly grasp key points from videos.",https://youtubetranscripts.org,Standard Submission(Free): reviewed and listed within 30 days.,,,,,,,,,DJ-LF-MQR3,$0.00,free,,,
15/11/2025 00:10:52,SilverioGuate581@gmail.com,sdadsadsad,,asdad,"AI Song Generator is an easy-to-use platform that creates high-quality, royalty-free music in various styles, perfect for videos, ads, and creative projects.",https://www.vidmix.ai,Standard Submission(Free): reviewed and listed within 30 days.,,,,,,,,,DK-LF-HCPF,$0.00,free,,,
25/11/2025 09:13:51,izoyeqofoyuy56@gmail.com,nanabanana-pro,,"A powerful AI image generation platform delivering high-quality visuals from simple text prompts. Designed for fast creation, flexible styling, and efficient visual production across various creative needs.","A next-generation AI image generation platform designed to turn ideas into high-quality visuals within seconds.
 Powered by advanced models and an intuitive interface, the system delivers stunning images from simple text descriptions, enabling fast creation of product photos, concept art, marketing materials, social content, and more.
Customizable styles, batch generation capabilities, and rapid downloading streamline the creative workflow, making high-quality visual production efficient, flexible, and scalable.
Experience seamless AI-driven image creation — where imagination transforms into visual reality.",https://nanabanana-pro.com/,Standard Submission(Free): reviewed and listed within 30 days.,,,,,,,,,DK-LF-UQ2K,$0.00,free,,,
25/11/2025 09:16:24,izoyeqofoyuy56@gmail.com,nanabanana-pro,,"A powerful AI image generation platform delivering high-quality visuals from simple text prompts. Designed for fast creation, flexible styling, and efficient visual production across various creative needs.","A next-generation AI image generation platform designed to turn ideas into high-quality visuals within seconds.
 Powered by advanced models and an intuitive interface, the system delivers stunning images from simple text descriptions, enabling fast creation of product photos, concept art, marketing materials, social content, and more.
Customizable styles, batch generation capabilities, and rapid downloading streamline the creative workflow, making high-quality visual production efficient, flexible, and scalable.
Experience seamless AI-driven image creation — where imagination transforms into visual reality.
如果要你简短介绍就填：",https://nanabanana-pro.com/,Standard Submission(Free): reviewed and listed within 30 days.,,,,,,,,,DK-LF-J2EP,$0.00,free,,,
04/12/2025 10:07:30,SilverioGuate581@gmail.com,https://www.vidmix.ai,,"AI Song Generator is an easy-to-use platform that creates high-quality, royalty-free music in various styles, perfect for videos, ads, and creative projects.","AI Song Generator is an easy-to-use platform that creates high-quality, royalty-free music in various styles, perfect for videos, ads, and creative projects.",sadasdsad,Standard Submission(Free): reviewed and listed within 30 days.,,,,,,,,,DL-LF-8EC6,$0.00,free,,,
21/12/2025 10:49:11,info@xn--gglossning-p5a.se,Ägglossning,,"Vi har all information du kan tänka dig behöva kring ägglossning, som vad är symptom, ägglossnings kalkulator och mycket mer.
","Vi har all information du kan tänka dig behöva kring ägglossning, som vad är symptom, ägglossnings kalkulator och mycket mer.
",https://xn--gglossning-p5a.se/,Standard Submission(Free): reviewed and listed within 30 days.,,,,,,,,,DL-LF-LLJC,$0.00,free,,,
23/12/2025 01:58:00,info@xn--festklnning-q8a.se,Festklänningar,,Hitta din festklänning smidigt idag!,"Är du trött på att kolla zalando, H&M med flera för att hitta din festklänning? Kom till oss, så behöver du inte leta bland flera sidor. Vi har allt, dessutom super filtrering för att göra det riktigt enkelt för dig!",https://xn--festklnning-q8a.se/,Standard Submission(Free): reviewed and listed within 30 days.,,,,,,,,,DL-LF-78CR,$0.00,free,,,
23/12/2025 22:07:48,rokas@overvisual.com,Overvisual,,"Overvisual lets you create Instagram Story series in minutes. Upload your photos/videos and AI automatically places text, highlights key words, chooses backgrounds, and suggests interactive widgets. It detects faces, important objects, and context to design layouts that actually fit your content. Choose from multiple brand kits, styles, and moods.
","Overvisual lets you create Instagram Story series in minutes. Upload your photos/videos and AI automatically places text, highlights key words, chooses backgrounds, and suggests interactive widgets. It detects faces, important objects, and context to design layouts that actually fit your content. Choose from multiple brand kits, styles, and moods.
",https://www.overvisual.com/,Standard Submission(Free): reviewed and listed within 30 days.,,,,,,,,,DL-LF-TXZ6,$0.00,free,,,
24/12/2025 06:32:35,contact@chatty.fit,ChattyFit,,AI powered personal trainer in your pocket.,"ChattyFit is your AI fitness coach that turns “What should I do today?” into a clear, realistic training plan. It designs complete programs around your life, guides you through every workout, and keeps you consistent with simple  logging, history, and Apple Watch integration.
ChattyFit learns your goals, schedule, equipment, injuries, and preferences, then builds a plan you can actually follow and stick with.
WHAT CHATTYFIT HELPS YOU DO
• Know exactly what workout to do today
• Stop guessing how to train for your specific goal
• Learn how to perform any exercise with videos, images and AI guidance
• Fit training around a busy, unpredictable schedule
• Stay consistent with on-wrist reminders and easy logging
• Get clear answers whenever you’re confused or stuck
YOUR AI COACH, ON DEMAND
• Chat with an AI trainer about goals, progress, or form
• Ask “What should I do today?” and get a complete session
• Adjust workouts on the fly if you’re tired, sore, or short on time
• Get safe, age- and experience-appropriate recommendations
• Learn technique, variations, and substitutions for exercises you can actually do
PERSONALIZED TRAINING PLANS
• Structured plans for weight loss, muscle gain, strength, and general fitness
• Adapts to your equipment: full gym, home setup, hotel, or bodyweight only
• Takes injuries, limitations, and health conditions into account
• Multi-week training phases with recommended weekly frequency
• Automatically evolves as you complete workouts and build consistency
• Quickly replace any exercise in a workout with an alternative",https://chatty.fit,Standard Submission(Free): reviewed and listed within 30 days.,,,,,,,,,DL-LF-Y38C,$0.00,free,,,
25/12/2025 10:17:01,support@slidewhisper.com,SlideWhisper,,SlideWhisper,Turn decks into narrated videos & training modules,https://www.slidewhisper.com,Standard Submission(Free): reviewed and listed within 30 days.,,,,,,,,,DL-LF-FNED,$0.00,free,,,
26/12/2025 06:33:52,admin@imejis.io,imejis.io,,"Imejis.io is a bulk image generator and automated image creation platform that helps you create, customize, and generate social media images at scale using prebuilt templates, public links, and automation.","Imejis.io is an automated image generation and bulk image creation platform built for marketers, creators, startups, and SaaS teams who need to produce social media images quickly and at scale.
Imejis.io allows users to create once and generate unlimited images using prebuilt templates, dynamic content, and image automation workflows. Users can fully customize designs by changing colors, text, layouts, and presets to maintain consistent branding across all visuals.
The platform includes a powerful visual editor with built-in components such as text, rectangles, circles, lines, and QR codes, making it easy to design dynamic image layouts. Imejis.io also offers in-editor image search via Unsplash, an icon library, and prebuilt text presets for faster and more efficient design creation.
Imejis.io supports public template links, enabling anyone to generate images from shared templates without creating an account. This makes it ideal for teams, agencies, and creators who want to share reusable templates or allow fast image generation for their audience.",https://www.imejis.io,Standard Submission(Free): reviewed and listed within 30 days.,,,,,,,,,DL-LF-NLJF,$0.00,free,,,
27/12/2025 10:03:18,directory@emailferret.io,Email Ferret,,AI personal assistant for Gmail.,"Email Ferret is an AI assistant that automatically monitors your Gmail, filters spam and low-value messages, and organizes your inbox so you can focus on the emails that matter. Get inbox 0 in less than 5 minutes.",https://emailferret.io,Standard Submission(Free): reviewed and listed within 30 days.,,,,,,,,,DL-LF-JHJK,$0.00,free,,,
28/12/2025 03:57:17,support@agentgatepay.com,AgentGatePay,,Complete payment infrastructure for autonomous AI agents,"Payment Gateway for the Agent Economy
AgentGatePay enables AI agents to autonomously send and receive payments using blockchain technology. Designed for agent-to-agent and agent-to-merchant transactions with enterprise-grade security.
Beta Release | Multi-Chain (Ethereum, Base, Polygon, Arbitrum) | Multi-Token (USDC, USDT, DAI)
📊 New to AgentGatePay? Start with our Visual Introduction (PDF) - a 9-slide visual guide explaining everything in minutes!
⚠️ IMPORTANT DISCLAIMER
AgentGatePay is currently in BETA. By using this service, you acknowledge and accept:
Service Availability: The service may be unavailable, suspended, or permanently shut down at any time without prior notice. No SLA or uptime guarantees.
Data Loss Risk: All data may be lost at any time without recovery. Users are solely responsible for maintaining independent backups of transaction records.
No Liability: AgentGatePay and its operators are NOT LIABLE for any direct, indirect, incidental, or consequential damages, including but not limited to: lost cryptocurrency, failed transactions, service interruptions, or loss of revenue.
Financial Risk: Blockchain transactions are irreversible. Use at your own risk. Users are solely responsible for securing their private keys, API keys, and compliance with applicable laws.
No Warranty: This service is provided ""AS IS"" without warranties of any kind.
📄 Read the full DISCLAIMER.md before using AgentGatePay.
BY USING THIS SERVICE, YOU AGREE TO THESE TERMS. IF YOU DO NOT AGREE, DO NOT USE AGENTGATEPAY.
Quick Links
📊 Visual Introduction (PDF) - 9-slide visual overview (start here!)
Documentation | API Reference
Buyer Quickstart | Seller Quickstart
Examples | SDKs
Transaction Signing Service
What is AgentGatePay?
AgentGatePay is a payment infrastructure layer for AI agents. It enables autonomous economic interactions where agents can:
",https://www.agentgatepay.com,Standard Submission(Free): reviewed and listed within 30 days.,,,,,,,,,DL-LF-NQX9,$0.00,free,,,
28/12/2025 14:59:56,hypnotype.sparked@gmail.com,Hypnotype ,,The 'Kinetic Typography' engine for audio creators. Transforms podcasts and essays into high-retention text animations that force the viewer to read along.,"Hypnotype is a specialized video engine designed for thinkers, storytellers, and podcasters who want the 'Founders Podcast' aesthetic without the cost. Unlike generic video editors, Hypnotype focuses on 'Dual Coding' synchronizing word-level animations with voice audio to drastically increase viewer retention on long-form content. The platform leverages AI transcription (OpenAI Whisper) to automate the creation of hypnotic, minimalist text videos. It eliminates the need for complex timelines or motion designers, allowing creators to turn raw audio (monologues, essays, VSLs) into ready-to-publish visual experiences for YouTube and Social Media in minutes.
",https://hypnotype.app,Standard Submission(Free): reviewed and listed within 30 days.,,,,,,,,,DL-LF-DZ27,$0.00,free,,,
29/12/2025 10:22:26,jouni.flemming.macecraft@gmail.com,Computer Keyboard Shortcuts,,"The ultimate guide to computer keyboard shortcuts and hotkeys for Windows and MacOS.
","The ultimate guide to computer keyboard shortcuts and hotkeys for Windows and MacOS.
",https://computerkeyboardshortcuts.org/,Standard Submission(Free): reviewed and listed within 30 days.,,,,,,,,,DL-LF-TPPW,$0.00,free,,,
30/12/2025 00:39:51,contact@kataloop.com,Kataloop,,"Kataloop is a Berlin-based creative agency specializing in Webflow websites with high design and technical standards. In addition,","Kataloop is a Berlin-based creative agency specializing in Webflow websites with high design and technical standards. In addition, Kataloop offers an exclusive stock collection featuring self-produced photos and videos. Alongside fixed-price projects, clients can also start directly on a monthly plan with daily availability and clearly defined execution timelines.",https://www.kataloop.com/en,Standard Submission(Free): reviewed and listed within 30 days.,,,,,,,,,DL-LF-DMJU,$0.00,free,,,
30/12/2025 08:33:56,michel@19volt.com,Floowed,,"Floowed is an AI credit workflow automation platform for credit and document-heavy processes. It extracts, validates, and enriches application data using AI, flags risks and fraud, and lets teams design custom workflows and metrics without engineering.
","Floowed is an AI credit workflow automation platform for credit and document-heavy processes. It extracts, validates, and enriches application data using AI, flags risks and fraud, and lets teams design custom workflows and metrics without engineering.
","Floowed is an AI credit workflow automation platform for credit and document-heavy processes. It extracts, validates, and enriches application data using AI, flags risks and fraud, and lets teams design custom workflows and metrics without engineering. ",Standard Submission(Free): reviewed and listed within 30 days.,,,,,,,,,DL-LF-CLYL,$0.00,free,,,
31/12/2025 12:06:39,support@stride-fuel.com,StrideFuel,,"Built for weight loss success—especially GLP-1 users. AI coaching, voice logging, photo recognition, HealthKit sync. Your trainer adapts to you. Free 7-day trial.","StrideFuel - Your Intelligent Nutrition Companion Transform your relationship with food. StrideFuel combines AI-powered tracking with personalized coaching to deliver results—whether you're managing weight loss medication, building healthy habits, or optimizing athletic performance.",https://stride-fuel.com,Standard Submission(Free): reviewed and listed within 30 days.,,,,,,,,,DL-LF-677Z,$0.00,free,,,
31/12/2025 14:13:57,ankushorav@gmail.com,Oravida AI ,,"Oravida AI
","AI-powered platform that transforms resumes into beautiful, searchable portfolio websites. Protects contact info from spam, enables semantic search discovery, and provides analytics on profile views.
",https://orav.ai/ ,Standard Submission(Free): reviewed and listed within 30 days.,,,,,,,,,DL-LF-HZXK,$0.00,free,,,
31/12/2025 22:01:54,info@airankpilot.com,AIRankPilot,,"AirRankPilot helps local businesses get discovered by Google and AI tools like ChatGPT and Perplexity. It shows you exactly what to publish and helps you create content that search engines and AI can understand and recommend.
","AirRankPilot helps local businesses get discovered by Google and AI tools like ChatGPT and Perplexity. It shows you exactly what to publish and helps you create content that search engines and AI can understand and recommend.
",AirRankPilot helps local businesses get discovered by Google and AI tools like ChatGPT and Perplexity. It shows you exactly what to publish and helps you create content that search engines and AI can understand and recommend. ,Standard Submission(Free): reviewed and listed within 30 days.,,,,,,,,,DL-LF-CMRM,$0.00,free,,,
01/01/2026 02:07:41,andrew@bookswift.app,BookSwift,,Appointment scheduling app for independent service providers and small teams. Appointment scheduling app for independent service providers and small teams. Appointment scheduling app for independent service providers and small teams. Appointment scheduling app for independent service providers and small teams. ,📅 BookSwift – Appointment Scheduling App 📅 BookSwift – Appointment Scheduling App ,https://www.bookswift.app,Standard Submission(Free): reviewed and listed within 30 days.,,,,,,,,,EA-LF-AKZJ,$0.00,free,,,
01/01/2026 23:48:59,info@slidescockpit.com,SlidesCockpit,,Clone Viral TikToks For Your Product With AI & Auto-Post.,"Stop guessing what goes viral. Use our Chrome Extension to import any trending TikTok slideshow in seconds. ⚡️ SlidesCockpit’s AI clones the viral DNA, replaces it with your SaaS/Brand assets, and auto-posts it for you. It’s the ultimate growth shortcut for founders who have no time for manual editing. 🚀 The Shortcut: 1️⃣ Import: Grab viral hits with 1 click 2️⃣ Clone: AI remixed for your brand 3️⃣ Automate: Schedule & auto-post Scale organic traffic on autopilot while you ship apps.",https://slidescockpit.com/,Standard Submission(Free): reviewed and listed within 30 days.,,,,,,,,,EA-LF-8PHW,$0.00,free,,,
02/01/2026 21:18:25,hello@3dsynth.app,3dSynth.app,,"A browser-based tool that skips the STL/Slicer workflow entirely.
","A browser-based tool that skips the STL/Slicer workflow entirely.
",https://3dSynth.app,Standard Submission(Free): reviewed and listed within 30 days.,,,,,,,,,EA-LF-YYJQ,$0.00,free,,,
03/01/2026 06:57:01,admin@cryptonewsnavigator.com,Crypto News Navigator,,Crypto News Navigator is a trusted source for real-time crypto prices and market data. News and trends included.,"Crypto News Navigator is a clean, no-noise way to follow the crypto market. Instead of juggling charts, Twitter, and multiple news sites, you get real-time prices and curated headlines in one place.
We cover 19K+ tokens, with prices aggregated from multiple sources so you’re not stuck with a single feed or one exchange’s view. Our goal is to surface reliable market data and credible news while actively avoiding obvious scams and low-quality promo content.
For each coin, you can quickly see live price, key stats, and headlines from trusted publications, with direct links back to the original articles.
We’re not an exchange, signal group, or hype machine: no “100x gem” spam, no casino banners, no pop-up chaos. Just a clean interface to see what moved, why, and where to dig deeper.",https://www.cryptonewsnavigator.com,Standard Submission(Free): reviewed and listed within 30 days.,,,,,,,,,EA-LF-JC69,$0.00,free,,,
03/01/2026 11:00:53,info@suburbstack.com,Suburb Stack ,,"Launch hundreds or thousands of locally targeted, conversion-optimized landing pages built to rank and convert for SEO and Google Ads.
","Launch hundreds or thousands of locally targeted, conversion-optimized landing pages built to rank and convert for SEO and Google Ads.
",https://suburbstack.com/,Standard Submission(Free): reviewed and listed within 30 days.,,,,,,,,,EA-LF-8V3E,$0.00,free,,,
03/01/2026 11:49:04,nicsequenzy@gmail.com,Cursor for Marketing Emails ,,"saas, marketing, email marketing, mailchimp, cursor
","Sequenzy is Email Marketing tool for SaaS founders. You can generate unique on-brand emails/sequences in a few minutes. You can also send transactional emails with easy-to-use SDK. Connect your stripe to also segment emails based on LTV/MRR
",https://sequenzy.com,Standard Submission(Free): reviewed and listed within 30 days.,,,,,,,,,EA-LF-GUPP,$0.00,free,,,
04/01/2026 09:36:36,d.pastore@markeplay.com,Markeplay,,"No-code AI-powered SaaS platform enabling rapid creation of complex, highly customizable e-commerce solutions for B2B manufacturing companies and made-to-order product businesses.","Markeplay is a next-generation no-code SaaS platform designed specifically for manufacturing companies selling complex, customizable products. We enable businesses to build sophisticated, integrated e-commerce ecosystems in days instead of months—without requiring extensive development resources or large budgets.
Our platform specializes in solving the unique challenges of B2B commerce and made-to-order product sales. We provide pre-built configurators, seamless payment integration, automated workflows, and customizable buyer experiences that turn complex product specifications into intuitive digital journeys. Markeplay handles everything from product visualization and real-time quote generation to order management and customer support automation.
With over €400K in lifetime revenue and 40+ enterprise clients, we've proven our model in the Italian market, working with some of the country's most innovative manufacturing companies. Now, we're scaling globally. Our upcoming V2 platform introduces AI-powered features that further simplify configurator creation, enable autonomous e-commerce operations, and provide merchants with intelligent tools to optimize buyer experiences and reduce support overhead.",https://www.markeplay.com,Standard Submission(Free): reviewed and listed within 30 days.,,,,,,,,,EA-LF-Y3HY,$0.00,free,,,
04/01/2026 11:54:09,talk@qeeebo.com,Qeeebo,,AI-curated question-and-answer platform built to become the world’s largest.,"Qeeebo is an AI-curated question-and-answer platform built with a clear and ambitious purpose: to become one of the world’s largest and most comprehensive repositories of human questions and answers. Designed from the ground up for scale, Qeeebo focuses on clarity, structure, and accessibility, helping users quickly find reliable answers across an immense range of topics. Every page is created to be fast, readable, and searchable, making knowledge easier to discover at any depth.",https://www.qeeebo.com,Standard Submission(Free): reviewed and listed within 30 days.,,,,,,,,,EA-LF-6PN8,$0.00,free,,,
04/01/2026 23:12:43,admin@feynn.ai,feynn - Strategic Intelligence Platform ,,"Structured intelligence, powered by AI","feynn.ai is an AI-powered strategic intelligence platform that turns complex questions into structured research, scenario analysis, and decision-grade insights. Built for leaders and teams who need clarity, not noise.
",https://feynn.ai,Standard Submission(Free): reviewed and listed within 30 days.,,,,,,,,,EA-LF-LBL6,$0.00,free,,,
05/01/2026 12:19:12,hi@aithumbnail.com,AI Thumbnail,,Create clickable YouTube thumbnails with AI by copying what already works and making it yours.,"Most YouTube thumbnails fail for one simple reason.
They do not look like something people actually click on.
Great thumbnails follow patterns. The layout, the crop, the text size, the contrast, the way the eye moves in the first second. Designers know this. Big channels know this. Most creators do not.
This tool bridges that gap.
You upload a YouTube thumbnail you like. A competitor, an inspiration, or a high-performing video. The system analyzes what makes it work and recreates the same structure and visual logic using your own content.
You keep your own headline. Your own subtexts. Your own face if you want to appear in the thumbnail. Nothing is copied directly. No branding. No faces. No text from the original image.
Unlike typical AI thumbnail generators, this one is built for consistency and CTR, not random creativity.
Your face stays your face.
Your text stays exactly as you wrote it.
The result looks like it belongs on YouTube, not in a stock image library.
The flow is simple:
1. Upload a thumbnail you like
2. Write your headline and optional subtexts
3. Optionally add your photo and small adjustments
4. Generate a clean, high-contrast thumbnail that fits the platform
This is especially useful if you:
* Want higher click-through rates
* Do not want to learn design
* Test thumbnails often
* Care about consistency across videos
* Want proven styles without copying creators
Think of it as cloning the logic behind great thumbnails, not the thumbnail itself.

If it looks familiar in the feed, that is the point.
",https://aithumbnail.gg,Standard Submission(Free): reviewed and listed within 30 days.,,,,,,,,,EA-LF-CB7Y,$0.00,free,,,
06/01/2026 12:19:51,team@aye.international,AyeWatch AI,,"Personal AI Internet Monitor, that brings internet to you","Tell it what you care about. It watches the internet. You get alerts that matter AyeWatch is an AI-powered monitor that tracks any topic, webpage, sources, or anything you want across the internet and alerts you instantly when something important happens that you specifically care about. No more manual checking. No more missing updates. Just tell it what matters to you in plain English, and our multi-agent AI filters out 95% of noise so you only hear about what truly matters.
",https://ayewatch.ai/,Standard Submission(Free): reviewed and listed within 30 days.,,,,,,,,,EA-LF-ZV4V,$0.00,free,,,
07/01/2026 07:08:52,oleg@pentestmate.com,PentestMate,,Autonomous pentesting agents that test your app and deliver fix ready reports.,"PentestMate is a continuous, autonomous pentesting platform that behaves like a real attacker and tests your web app 24/7. 
Instead of one-off scans, it repeatedly probes your product as it changes, helping you catch exploitable issues early and ship fixes faster.
PentestMate focuses on the vulnerabilities that actually hurt modern apps: 
- Authentication & JWT weaknesses
- Broken authorization (BFLA)
- IDOR
- Information disclosure
- Input validation bugs like XSS and CSRF
- Insecure file uploads
- Mass assignment, path traversal, SSRF
- SQL injection
- XXE...
and even higher-signal findings like business logic flaws, race conditions, open redirects, and subdomain takeover risks.
Each finding is delivered in a developer-friendly format: clear impact, step-by-step reproduction, and actionable remediation guidance so your team can fix the issue without guessing. 
Use it to harden production apps, continuously validate security after releases, and prioritize the vulnerabilities that matter most.
",https://pentestmate.com/,Standard Submission(Free): reviewed and listed within 30 days.,,,,,,,,,EA-LF-ABJA,$0.00,free,,,
07/01/2026 12:43:54,andreaalexander212@gmail.com,Bolta ,,"Bolta.ai is a social media operating system that helps creators, founders, and teams plan, write, review, and publish content consistently across platforms. Instead of juggling tools, Bolta brings scheduling, crossposting, and brand-consistent writing into one calm, structured workflow.
","Bolta.ai, social media management, social media scheduler, content planning tool, content calendar, social media automation, crossposting tool, content distribution, brand voice consistency, AI content workflow, creator tools, marketing automation, content operations, social media workflow, creator productivity, agency social media tools, team collaboration, content organization, posting consistently, multi-platform posting",https://bolta.ai/ ,Standard Submission(Free): reviewed and listed within 30 days.,,,,,,,,,EA-LF-CPZ7,$0.00,free,,,
08/01/2026 09:33:24,admin@sanamujer.com,Sana Mujer,,"We built Sana Mujer to solve a very specific access problem: millions of Spanish-speaking women live in the US, but most telehealth and clinic experiences are English-first. Sana Mujer is a niche telemedicine clinic in Spanish for women (18–50) living in the US, focused on: Contraceptives (pills, patch, ring, injection depending on state) Topical skin & hair treatments Common feminine infections (UTIs, candidiasis, BV) We provide treatment online in 26 states of the USA.","Telehealth,Telesalud,Online Clinic,Clínica Online,Birth Control, Anticonceptivos,Women's health, Salud de la mujer, Pill, Patch, Ring, Injection, Pastilla, Parche, Inyección, Anillo, Tretinoin, Retinoides, Minoxidil, Feminine Infections, Infecciones Femeninas, VB, Candidiasis, Infección Urinaria, ITU, UTI",https://www.sanamujer.com,Standard Submission(Free): reviewed and listed within 30 days.,,,,,,,,,EA-LF-8ZZ2,$0.00,free,,,
08/01/2026 12:20:23,hi@beatable.co,Beatable,,"Beatable helps founders and investors validate business in seconds. The platform delivers in-depth competitor analysis, market intelligence, and actionable insights to uncover opportunities, assess risks, and understand the market landscape before making the next move. 
","Beatable helps founders and investors validate business in seconds. The platform delivers in-depth competitor analysis, market intelligence, and actionable insights to uncover opportunities, assess risks, and understand the market landscape before making the next move. 
",https://beatable.co,Standard Submission(Free): reviewed and listed within 30 days.,,,,,,,,,EA-LF-27M4,$0.00,free,,,
09/01/2026 11:43:06,hello@mapyourvoyage.com,Map Your Voyage,,"Plan trips from Instagram reels in minutes, not weeks!","App: https://mapyourvoyage.com/
Company Socials
X: https://x.com/mapyourvoyage
Instagram: https://www.instagram.com/mapyourvoyage/reels/
LinkedIn: https://www.linkedin.com/company/mapyourvoyage/about/
Youtube: https://www.youtube.com/@MapYourVoyage
Facebook: https://www.facebook.com/profile.php?id=61566342892742
Founder Socials
X: https://x.com/shivam__saxena
LinkedIn: https://www.linkedin.com/in/shivamsaxena1993/
One line description
Plan trips from Instagram reels in minutes, not weeks.
What is the problem?
People save a lot of travel reels on instagram by bookmarking them. But there is no easy way to convert the reels into actual trips. Real scenarios:
- Where is that reel from Italy I saved a few months ago?
Lost in the Instagram saved collection or whatsapp chats.
- I am visiting Italy soon. How do I find all my saved reels just from Italy?
Impossible to find if you have saved thousands of reels.
- I managed to find all the Italy reels I saved. How do I convert them into an actual trip?
Even if you found all the reels, planning a trip from them involves rewatching each & every reel, noting down all the locations found in each reel & then somehow converting them into an actual trip. This can take days to do manually.
How does Map Your Voyage solve this?
5 simple steps:",https://mapyourvoyage.com/,Standard Submission(Free): reviewed and listed within 30 days.,,,,,,,,,EA-LF-LE6K,$0.00,free,,,
09/01/2026 12:32:18,team@aye.international,AyeCreate,,"
Allscreenshots provides a screenshot API that helps developers and businesses capture, combine, and automate website screenshots at scale.

Our platform powers visual documentation, social media previews, competitive monitoring, and reporting workflows for teams who need reliable, programmatic screenshot generation. With features like multi-screenshot composition and flexible layout options, we make it easy to turn any URL into pixel-perfect images, without maintaining browser infrastructure.

Capture the web, one screenshot at a time.
","Think of it like Midjourney but with access to Top AI image models and Editing capabilities and also predefined stylepacks and clean and simple user experience. Generate images, edit photos, create videos, and ship content fast switch between multiple popular ai models like Nanobanana Pro, Sora, Flux, GPT Image, Kling and more, Stylepacks, and workflows in one place. It empowers creators, designers, and businesses to produce professional-quality images, graphics, and visual content in seconds


AI Content Creation Studio. Generate images, edit photos, create short videos, and ship content fast switch between multiple popular ai models like Nanobanna Pro, Sora, Flux, GPT Image, Kling and more, stylepacks, and workflows in one place. Our next-generation AI studio empowers creators, designers, and businesses to produce professional-quality images, graphics, and visual content in seconds no design skills required.
",https://ayecreate.ai/,Standard Submission(Free): reviewed and listed within 30 days.,,,,,,,,,EA-LF-G2YW,$0.00,free,,,
10/01/2026 11:59:28,sergey@nicegram.app,Nicegram,,"Open‑source Telegram client, privacy‑first, with a non‑custodial multichain wallet, a built‑in AI assistant and Agent Marketplace, escrow payments, and a trusted reputation — all inside your chats.
","Open‑source Telegram client, privacy‑first, with a non‑custodial multichain wallet, a built‑in AI assistant and Agent Marketplace, escrow payments, and a trusted reputation — all inside your chats.
",https://nicegram.app ,Standard Submission(Free): reviewed and listed within 30 days.,,,,,,,,,EA-LF-LUX8,$0.00,free,,,
11/01/2026 00:49:37,blktwuj@gmail.com,The Gold Calculator,,"The Gold Calculator - Calculate Melt Value of Your Scrap Gold
","Use our professional gold calculator to check the current market value of your gold. Updated daily with live global rates, accurate, fast, and free to use.


Here is a spintax with 50 unique outputs if it's better to have different descriptions:
{Discover|Find|Get|See|Check} the {true|real|accurate|exact} {value|worth|price} of your {gold|gold items|gold jewelry|scrap gold} {instantly|in seconds|within moments|right now} with our {free|trusted|professional|easy-to-use} {gold price calculator|online gold calculator|gold value calculator}. 
{Powered by live gold prices|Updated daily with real market data|Based on current gold rates|Using real-time gold pricing}, this tool delivers {fast|accurate|reliable|transparent} results. 
{Calculate gold by purity|Check gold prices by karat|View values from 24k to 10k|Estimate gold value by weight} in {grams|ounces|kilograms}, and {know exactly what your gold is worth today|get instant clarity on gold value|see your gold’s real-time worth}. 
The {best|most trusted|top-rated|leading} {gold calculator online|gold price tool|gold valuation calculator} for {buyers and sellers|everyday users|gold owners|accurate estimates}.
",https://thegoldcalculator.com/,Standard Submission(Free): reviewed and listed within 30 days.,,,,,,,,,EA-LF-N982,$0.00,free,,,